{"licenses": [{"name": "", "id": 0, "url": ""}], "info": {"contributor": "", "date_created": "", "description": "", "url": "", "version": "", "year": ""}, "categories": [{"id": 1, "name": "PET bottles", "supercategory": ""}], "images": [{"id": 1, "width": 1000, "height": 526, "file_name": "test_001.jpg", "license": 0, "flickr_url": "", "coco_url": "", "date_captured": 0}, {"id": 2, "width": 359, "height": 479, "file_name": "test_002.jpg", "license": 0, "flickr_url": "", "coco_url": "", "date_captured": 0}, {"id": 3, "width": 660, "height": 440, "file_name": "test_003.jpg", "license": 0, "flickr_url": "", "coco_url": "", "date_captured": 0}, {"id": 4, "width": 940, "height": 627, "file_name": "test_004.jpg", "license": 0, "flickr_url": "", "coco_url": "", "date_captured": 0}, {"id": 5, "width": 696, "height": 503, "file_name": "test_005.jpg", "license": 0, "flickr_url": "", "coco_url": "", "date_captured": 0}, {"id": 6, "width": 960, "height": 624, "file_name": "test_006.jpg", "license": 0, "flickr_url": "", "coco_url": "", "date_captured": 0}, {"id": 7, "width": 474, "height": 324, "file_name": "test_007.jpg", "license": 0, "flickr_url": "", "coco_url": "", "date_captured": 0}, {"id": 8, "width": 3264, "height": 2448, "file_name": "test_008.jpg", "license": 0, "flickr_url": "", "coco_url": "", "date_captured": 0}, {"id": 9, "width": 3840, "height": 2592, "file_name": "test_009.jpg", "license": 0, "flickr_url": "", "coco_url": "", "date_captured": 0}, {"id": 10, "width": 640, "height": 427, "file_name": "test_010.jpg", "license": 0, "flickr_url": "", "coco_url": "", "date_captured": 0}], "annotations": []}