<?xml version="1.0" encoding="utf-8"?>
<annotations>
  <version>1.1</version>
  <meta>
    <task>
      <id>219117</id>
      <name>PET Bottles dataset</name>
      <size>10</size>
      <mode>annotation</mode>
      <overlap>0</overlap>
      <bugtracker></bugtracker>
      <created>2022-03-14 11:32:46.084597+00:00</created>
      <updated>2022-03-14 13:40:47.361915+00:00</updated>
      <subset>default</subset>
      <start_frame>0</start_frame>
      <stop_frame>9</stop_frame>
      <frame_filter></frame_filter>
      <segments>
        <segment>
          <id>313369</id>
          <start>0</start>
          <stop>9</stop>
          <url>http://cvat.org/?id=313369</url>
        </segment>
      </segments>
      <owner>
        <username>david806250</username>
        <email>dwcy806250@gmail.com</email>
      </owner>
      <assignee></assignee>
      <labels>
        <label>
          <name>PET bottles</name>
          <color>#f16b55</color>
          <attributes>
          </attributes>
        </label>
      </labels>
    </task>
    <dumped>2022-03-14 15:44:47.179151+00:00</dumped>
  </meta>
  <image id="0" name="test_001.jpg" width="1000" height="526">
  </image>
  <image id="1" name="test_002.jpg" width="359" height="479">
  </image>
  <image id="2" name="test_003.jpg" width="660" height="440">
  </image>
  <image id="3" name="test_004.jpg" width="940" height="627">
  </image>
  <image id="4" name="test_005.jpg" width="696" height="503">
  </image>
  <image id="5" name="test_006.jpg" width="960" height="624">
  </image>
  <image id="6" name="test_007.jpg" width="474" height="324">
  </image>
  <image id="7" name="test_008.jpg" width="3264" height="2448">
  </image>
  <image id="8" name="test_009.jpg" width="3840" height="2592">
  </image>
  <image id="9" name="test_010.jpg" width="640" height="427">
  </image>
</annotations>
